{
    "COT_P": 0.2,
    "RAG_P": 0.2,
    "MIN_CHUNKS_RAG": 1,
    "MAX_CHUNKS_RAG": 4,
    "WITH_SYSTEM_P" : 0.9,
    "sampling_universe": {
        "do_sample": [
            true,
            true,
            true,
            true,
            true,
            false
        ],
        "temperature": [
            0.1,
            0.2,
            0.3,
            0.4,
            0.5,
            0.6,
            0.7,
            0.7999999999999999,
            0.8999999999999999,
            0.9999999999999999,
            1
        ]
    }
}